{
  "classes":17,
  "label":[
    "background",
    "Person",
    "Door",
    "Chair",
    "Wall",
    "Floor",
    "Table",
    "Sofa",
    "Furniture",
    "Lamp",
    "Decoration",
    "Plant",
    "Screen",
    "Bed",
    "Fridge",
    "Wheeled Walker",
    "Armchair"],
  "palette":[
    [255, 255, 255],
    [0, 0, 255],
    [255, 255, 0],
    [255, 0, 255],
    [0, 255, 255],
    [255, 204, 204],
    [204, 255, 204],
    [128, 128, 128],
    [102, 102, 102],
    [128, 128, 102],
    [128, 102, 128],
    [102, 128, 128],
    [128, 102, 0],
    [102, 0, 128],
    [0, 128, 102],
    [128, 0, 0],
    [0, 128, 0]],
  "mean":[
    73.158359210711552,
    82.908917542625858,
    72.392398761941593],
  "std":[
    47.675755341814678,
    48.494214368814916,
    47.736546325441594]
}
